{
  "kart_battery_mat": {
    "name": "kart_battery_mat",
    "mapTo": "kart_battery",
    "class": "Material",
    "persistentId": "2c795928-e11f-49a4-a7c1-63c4cf10cc09",
    "Stages": [
      {
        "baseColorFactor": [
          0.634733975,
          0.308894992,
          0.308894992,
          1
        ],
        "baseColorMap": "vehicles/kg22_fkartc/art/blank.data.png",
        "metallicFactor": 0.186000004,
        "roughnessFactor": 0.689999998
      },
      {},
      {},
      {}
    ],
    "materialTag0": "Miscellaneous",
    "version": 1.5
  },
  "kart_dark_mat": {
    "name": "kart_dark_mat",
    "mapTo": "kart_dark",
    "class": "Material",
    "persistentId": "96e33b8a-8738-44d7-841a-256e5cbbab30",
    "Stages": [
      {
        "baseColorFactor": [
          1,
          0.999989986,
          0.999989986,
          0.5
        ],
        "baseColorMap": "vehicles/kg22_fkartc/art/blank.data.png",
        "clearCoatFactor": 1,
        "colorPaletteMap": "vehicles/kg22_fkartc/art/seat_c.data.png",
        "instanceDiffuse": true,
        "metallicFactor": 1,
        "pixelSpecular": true
      },
      {},
      {},
      {}
    ],
    "dynamicCubemap": true,
    "materialTag0": "beamng",
    "materialTag1": "vehicle",
    "version": 1.5
  },
  "kart_frame_mat": {
    "name": "kart_frame_mat",
    "mapTo": "kart_frame",
    "class": "material",
    "persistentId": "6b4f137e-9714-4b1d-9788-d963516869df",
    "Stages": [
      {
        "baseColorFactor": [
          1,
          0.999989986,
          0.999989986,
          0.5
        ],
        "baseColorMap": "vehicles/kg22_fkartc/art/blank.data.png",
        "clearCoatFactor": 1,
        "colorPaletteMap": "vehicles/kg22_fkartc/art/main_c.data.png",
        "instanceDiffuse": true,
        "metallicFactor": 1,
        "pixelSpecular": true
      },
      {},
      {},
      {}
    ],
    "dynamicCubemap": true,
    "materialTag0": "beamng",
    "materialTag1": "vehicle",
    "version": 1.5
  },
  "kart_metal_mat": {
    "name": "kart_metal_mat",
    "mapTo": "kart_metal",
    "class": "material",
    "persistentId": "556a0c95-7112-4bfc-9aac-31bff2f848d0",
    "Stages": [
      {
        "baseColorFactor": [
          0.911150992,
          0.911141992,
          0.911141992,
          0.400000006
        ],
        "baseColorMap": "vehicles/kg22_fkartc/art/blank.data.png",
        "metallicFactor": 1,
        "pixelSpecular": true,
        "roughnessFactor": 0.303000003
      },
      {},
      {},
      {}
    ],
    "doubleSided": true,
    "dynamicCubemap": true,
    "invertBackFaceNormals": true,
    "materialTag0": "beamng",
    "materialTag1": "vehicle",
    "version": 1.5
  },
  "kart_spark_mat": {
    "name": "kart_spark_mat",
    "mapTo": "kart_spark",
    "class": "material",
    "persistentId": "f997b1ea-17ab-4596-b90c-390bfba6f19f",
    "Stages": [
      {
        "colorMap": "vehicles/kg22_fkartc/art/blank.data.png",
        "diffuseColor": [
          0.137254909,
          0.137254909,
          0.137254909,
          0.00800000038
        ],
        "pixelSpecular": true,
        "specular": [
          0.207843155,
          0.207843155,
          0.207843155,
          0.00800000038
        ]
      },
      {},
      {},
      {}
    ],
    "materialTag0": "Miscellaneous"
  },
  "kart_tire_mat": {
    "name": "kart_tire_mat",
    "mapTo": "kart_tire",
    "class": "Material",
    "persistentId": "63158544-d089-4705-b277-605bf8c03f9e",
    "Stages": [
      {
        "baseColorFactor": [
          0.0621539988,
          0.0621539988,
          0.0621539988,
          1
        ],
        "baseColorMap": "vehicles/kg22_fkartc/art/blank.data.png",
        "pixelSpecular": true,
        "roughnessFactor": 0.621999979,
        "specular": [
          0.172549024,
          0.172549024,
          0.172549024,
          0.00800000038
        ]
      },
      {},
      {},
      {}
    ],
    "doubleSided": true,
    "invertBackFaceNormals": true,
    "dynamicCubemap": true,
    "materialTag0": "beamng",
    "materialTag1": "vehicle",
    "version": 1.5
  },
  "kart_wheels_mat": {
    "name": "kart_wheels_mat",
    "mapTo": "kart_wheels",
    "class": "Material",
    "persistentId": "a6bb86b2-500f-4799-9668-776de80e3e18",
    "Stages": [
      {
        "baseColorMap": "vehicles/kg22_fkartc/art/blank.data.png",
        "clearCoatFactor": 1,
        "colorPaletteMap": "vehicles/kg22_fkartc/art/wheel_c.data.png",
        "instanceDiffuse": true,
        "metallicFactor": 1,
        "pixelSpecular": true
      },
      {},
      {},
      {}
    ],
    "materialTag0": "beamng",
    "materialTag2": "vehicle",
    "dynamicCubemap": true,
    "version": 1.5
  },
  "fkartc_livery": {
    "name": "fkartc_livery",
    "mapTo": "kart_livery",
    "class": "Material",
    "Stages": [
      {
        "baseColorMap": "vehicles/kg22_fkartc/art/blank.data.png",
        "clearCoatFactor": 1,
        "colorPaletteMap": "vehicles/kg22_fkartc/art/main_c.data.png",
        "instanceDiffuse": true,
        "metallicFactor": 1,
        "pixelSpecular": true
      },
      {},
      {},
      {}
    ],
    "dynamicCubemap": true,
    "materialTag0": "beamng",
    "materialTag1": "vehicle",
    "version": 1.5
  },
  "fkartc_sidewall": {
    "name": "fkartc_sidewall",
    "mapTo": "kart_sidewall",
    "class": "Material",
    "Stages": [
      {
        "baseColorMap": "/vehicles/kg22_fkartc/kart_sidewall_BaseColor.color.png",
        "metallicFactor": 1,
        "metallicMap": "/vehicles/kg22_fkartc/kart_sidewall_Metallic.data.png",
        "normalMap": "/vehicles/kg22_fkartc/kart_sidewall_Normal.normal.png",
        "roughnessMap": "/vehicles/kg22_fkartc/kart_sidewall_Roughness.data.png"
      },
      {
        "metallicFactor": null
      },
      {
        "metallicFactor": null
      },
      {
        "metallicFactor": null
      }
    ],
    "dynamicCubemap": true,
    "version": 1.5
  },
  "fkartc_sidewall_rear": {
    "name": "fkartc_sidewall_rear",
    "mapTo": "kart_sidewall_rear",
    "class": "Material",
    "Stages": [
      {
        "baseColorMap": "/vehicles/kg22_fkartc/kart_sidewall_r_BaseColor.color.png",
        "metallicFactor": 1,
        "metallicMap": "/vehicles/kg22_fkartc/kart_sidewall_r_Metallic.data.png",
        "normalMap": "/vehicles/kg22_fkartc/kart_sidewall_r_Normal.normal.png",
        "roughnessMap": "/vehicles/kg22_fkartc/kart_sidewall_r_Roughness.data.png"
      },
      {
        "metallicFactor": null
      },
      {
        "metallicFactor": null
      },
      {
        "metallicFactor": null
      }
    ],
    "dynamicCubemap": true,
    "version": 1.5
  },
  "fkartc_tread": {
    "name": "fkartc_tread",
    "mapTo": "kart_tread",
    "class": "Material",
    "Stages": [
      {
        "baseColorMap": "/vehicles/kg22_fkartc/kart_tread_BaseColor.color.png",
        "metallicMap": "/vehicles/kg22_fkartc/kart_tread_Metallic.data.png",
        "normalMap": "/vehicles/kg22_fkartc/kart_tread_Normal.normal.png",
        "roughnessMap": "/vehicles/kg22_fkartc/kart_tread_Roughness.data.png"
      },
      {},
      {},
      {}
    ],
    "dynamicCubemap": true,
    "version": 1.5
  },
  "fkartc_skidplate": {
    "name": "fkartc_skidplate",
    "mapTo": "kart_skidplate",
    "class": "Material",
    "Stages": [
      {
        "baseColorMap": "/vehicles/kg22_fkartc/skidplate_BaseColor.color.png",
        "metallicMap": "/vehicles/kg22_fkartc/skidplate_Metallic.data.png",
        "roughnessMap": "/vehicles/kg22_fkartc/skidplate_Roughness.data.png"
      },
      {},
      {},
      {}
    ],
    "dynamicCubemap": true,
    "version": 1.5
  },
  "fkartc_fuel": {
    "name": "fkartc_fuel",
    "mapTo": "kart_fuel",
    "class": "Material",
    "Stages": [
      {
        "baseColorMap": "/vehicles/kg22_fkartc/fuel_BaseColor.color.png",
        "metallicMap": "/vehicles/kg22_fkartc/fuel_Metallic.data.png",
        "normalMap": "/vehicles/kg22_fkartc/fuel_Normal.normal.png",
        "roughnessMap": "/vehicles/kg22_fkartc/fuel_Roughness.data.png"
      },
      {},
      {},
      {}
    ],
    "dynamicCubemap": true,
    "version": 1.5
  }
}