{
  "fkartc_livery.skin_fkartc.deadbull": {
    "name": "kart_livery.skin_fkartc.deadbull",
    "mapTo": "kart_livery.skin_fkartc.deadbull",
    "class": "Material",
    "Stages": [
      {
        "baseColorMap": "vehicles/kg22_fkartc/deadbull_BaseColor.color.png",
        "clearCoatFactor": 1,
        "instanceDiffuse": true,
        "metallicFactor": 1,
        "metallicMap": "vehicles/kg22_fkartc/deadbull_Metallic.data.png",
        "colorPaletteMap": "vehicles/kg22_fkartc/art/nocolor.data.png",
        "roughnessMap": "vehicles/kg22_fkartc/deadbull_Roughness.data.png",
        "useAnisotropic": true,
        "pixelSpecular": true
      },
      {},
      {},
      {}
    ],
    "dynamicCubemap": true,
    "materialTag0": "beamng",
    "materialTag1": "vehicle",
    "version": 1.5
  },
  "fkartc_livery.skin_fkartc.87": {
    "name": "kart_livery.skin_fkartc.87",
    "mapTo": "kart_livery.skin_fkartc.87",
    "class": "Material",
    "Stages": [
      {
        "baseColorMap": "vehicles/kg22_fkartc/87_BaseColor.color.png",
        "clearCoatFactor": 1,
        "instanceDiffuse": true,
        "metallicFactor": 1,
        "metallicMap": "vehicles/kg22_fkartc/87_Metallic.data.png",
        "colorPaletteMap": "vehicles/kg22_fkartc/art/nocolor.data.png",
        "roughnessMap": "vehicles/kg22_fkartc/87_Roughness.data.png",
        "useAnisotropic": true,
        "pixelSpecular": true
      },
      {},
      {},
      {}
    ],
    "dynamicCubemap": true,
    "materialTag0": "beamng",
    "materialTag1": "vehicle",
    "version": 1.5
  }
}